"Refs","Value","Footprint","Qty","Description"
"C1","10uF 25V","Capacitor_SMD:C_1210_3225Metric","1","Unpolarized capacitor"
"C2,C7-C12,C22,C25,C29,C30","100nF","Capacitor_SMD:C_0402_1005Metric","11","Unpolarized capacitor"
"C3","3.3nF","Capacitor_SMD:C_0402_1005Metric","1","Unpolarized capacitor"
"C4","22uF 6.3V","Capacitor_SMD:C_0805_2012Metric","1","Unpolarized capacitor"
"C5,C6","27pF","Capacitor_SMD:C_0402_1005Metric","2","Unpolarized capacitor"
"C13,C14,C18-C20","10uF 10V","Capacitor_SMD:C_0805_2012Metric","5","Unpolarized capacitor"
"C15-C17","1uF 10V","Capacitor_SMD:C_0402_1005Metric","3","Unpolarized capacitor"
"C21","470uF","Capacitor_SMD:CP_Elec_8x10","1","470uF 6.3V low-ESR conductive polymer (Quectel EC25 Mini PCIe HW Design 3.2)"
"C23,C26-C28","33pF","Capacitor_SMD:C_0402_1005Metric","4","Unpolarized capacitor"
"C24","10pF","Capacitor_SMD:C_0402_1005Metric","1","Unpolarized capacitor"
"C31","10uF","Capacitor_SMD:C_0805_2012Metric","1","Unpolarized capacitor"
"D1","LED_ACT green","LED_SMD:LED_0603_1608Metric","1","Light emitting diode"
"D2","green","LED_SMD:LED_0603_1608Metric","1","Light emitting diode"
"J1","XA_5V_IN","Connector_JST:JST_XA_B08B-XASK-1_1x08_P2.50mm_Vertical","1","Generic connector, single row, 01x08, script generated (kicad-library-utils/schlib/autogen/connector/)"
"J2","DEBUG_UART","Connector_PinHeader_2.54mm:PinHeader_1x03_P2.54mm_Vertical","1","Generic connector, single row, 01x03, script generated (kicad-library-utils/schlib/autogen/connector/)"
"J3","USB_C_HOST (USB2.0)","Connector_USB:USB_C_Receptacle_GCT_USB4105-xx-A_16P_TopMnt_Horizontal","1","USB 2.0-only 16P Type-C Receptacle connector"
"J4","XA_USB1","Connector_JST:JST_XA_B04B-XASK-1_1x04_P2.50mm_Vertical","1","Generic connector, single row, 01x04, script generated (kicad-library-utils/schlib/autogen/connector/)"
"J5","XA_USB2","Connector_JST:JST_XA_B04B-XASK-1_1x04_P2.50mm_Vertical","1","Generic connector, single row, 01x04, script generated (kicad-library-utils/schlib/autogen/connector/)"
"J6","EC25-J Mini PCIe","Connector_PCBEdge:BUS_PCI_Express_Mini_Full","1","Mini-PCI Express bus connector"
"J7","nanoSIM","Connector_Card:nanoSIM_GCT_SIM8060-6-0-14-00","1","SIM Card"
"J8","micro HDMI (Type D)","Connector_Video:HDMI_Micro-D_Molex_46765-2xxx","1","HDMI 1.4+ type D connector"
"J9","microSD","Connector_Card:microSD_HC_Hirose_DM3AT-SF-PEJM5","1","Micro SD Card Socket with card detection pins"
"L1","2.2uH XFL4020-222MEB","Inductor_SMD:L_Coilcraft_XxL4020","1","Inductor"
"Module1","CM4/CM5 (Lite)","CM5IO:Raspberry-Pi-5-Compute-Module","1","RaspberryPi Compute module 5"
"Q1,Q2","2N7002","Package_TO_SOT_SMD:SOT-23","2","0.115A Id, 60V Vds, N-Channel MOSFET, SOT-23"
"R1,R2,R14,R15","100k","Resistor_SMD:R_0402_1005Metric","4","Resistor"
"R3,R17","1k","Resistor_SMD:R_0402_1005Metric","2","Resistor"
"R4","12k 1%","Resistor_SMD:R_0402_1005Metric","1","Resistor"
"R5-R8","36k 1%","Resistor_SMD:R_0402_1005Metric","4","Resistor"
"R9,R10","56k","Resistor_SMD:R_0402_1005Metric","2","Resistor"
"R11-R13,R16","10k","Resistor_SMD:R_0402_1005Metric","4","Resistor"
"R18","15k","Resistor_SMD:R_0402_1005Metric","1","Resistor"
"R19-R21","0R","Resistor_SMD:R_0402_1005Metric","3","Resistor"
"R22,R23","470R","Resistor_SMD:R_0402_1005Metric","2","Resistor"
"R24","10k 1%","Resistor_SMD:R_0402_1005Metric","1","Resistor"
"SW1","PWR_BUT","Button_Switch_SMD:SW_SPST_TL3342","1","Push button switch, generic, two pins"
"U1","TPS62132","Package_DFN_QFN:VQFN-16-1EP_3x3mm_P0.5mm_EP1.68x1.68mm_ThermalVias","1","3A Step-Down Converter with DCS-Control, Fixed 3.3V Output Voltage, 3-17V Input Voltage, QFN-16"
"U2","USB2514B-I/M2","Package_DFN_QFN:QFN-36-1EP_6x6mm_P0.5mm_EP3.7x3.7mm","1","USB 2.0 Hi-Speed Hub Controller"
"U3-U5","TPS2051CDBV","Package_TO_SOT_SMD:SOT-23-5","3","0.5A Current limited power switch, single channel, output discharge, reverse blocking, SOT-23-5"
"U6-U8","USBLC6-2SC6","Package_TO_SOT_SMD:SOT-23-6","3","Very low capacitance ESD protection diode, 2 data-line, SOT-23-6"
"U9","TPD4E05U06DQA","Package_SON:USON-10_2.5x1.0mm_P0.5mm","1","4-Channel ESD Protection for Super-Speed USB 3.0 Interface, USON-10"
"U10,U11,U13-U15","TPD4EUSB30","Package_SON:USON-10_2.5x1.0mm_P0.5mm","5","4-Channel ESD Protection for Super-Speed USB 3.0 Interface, USON-10"
"U12","MagJack A70-112-331N126","CM5IO:TRJG0926HENL","1",""
"U16","RT9742SNGV","Package_TO_SOT_SMD:TSOT-23_HandSoldering","1","500mA Load Switch"
"U17","RT9742GGJ5","Package_TO_SOT_SMD:SOT-23-5","1","1A load switch"
"Y1","24MHz CL=18pF","Crystal:Crystal_SMD_3225-4Pin_3.2x2.5mm","1","Four pin crystal, GND on pins 2 and 4"
